bug_report_id,file_diff_id
RESTEASY-1711,1
RESTEASY-1706,2
RESTEASY-1706,3
RESTEASY-1706,4
RESTEASY-1706,5
RESTEASY-1706,6
RESTEASY-1706,7
RESTEASY-1706,8
RESTEASY-1706,9
RESTEASY-1706,10
RESTEASY-1706,11
RESTEASY-1706,12
RESTEASY-1706,13
RESTEASY-1706,14
RESTEASY-1706,15
RESTEASY-1706,16
RESTEASY-1365,17
RESTEASY-1365,18
RESTEASY-1365,10
RESTEASY-1365,19
RESTEASY-1365,20
RESTEASY-1365,21
RESTEASY-1331,22
RESTEASY-1322,23
RESTEASY-1322,24
RESTEASY-1322,25
RESTEASY-1322,26
RESTEASY-1322,27
RESTEASY-1322,28
RESTEASY-1322,29
RESTEASY-1322,30
RESTEASY-1322,31
RESTEASY-1322,32
RESTEASY-1322,33
RESTEASY-1322,34
RESTEASY-1322,35
RESTEASY-1322,36
RESTEASY-1322,37
RESTEASY-1322,38
RESTEASY-1322,39
RESTEASY-1322,40
RESTEASY-1322,41
RESTEASY-1322,42
RESTEASY-1322,43
RESTEASY-1322,44
RESTEASY-1322,45
RESTEASY-1322,46
RESTEASY-1322,47
RESTEASY-1322,48
RESTEASY-1322,49
RESTEASY-1322,50
RESTEASY-1314,51
RESTEASY-1314,52
RESTEASY-1314,53
RESTEASY-1314,54
RESTEASY-1314,55
RESTEASY-1314,56
RESTEASY-1314,57
RESTEASY-1314,58
RESTEASY-1314,59
RESTEASY-1314,60
RESTEASY-1314,61
RESTEASY-1314,62
RESTEASY-1314,63
RESTEASY-1314,64
RESTEASY-1314,65
RESTEASY-1314,66
RESTEASY-1314,67
RESTEASY-1314,68
RESTEASY-1306,69
RESTEASY-1306,70
RESTEASY-1306,71
RESTEASY-1306,72
RESTEASY-1306,21
RESTEASY-1306,73
RESTEASY-1261,74
RESTEASY-1261,75
RESTEASY-1261,76
RESTEASY-1261,77
RESTEASY-1261,78
RESTEASY-1261,79
RESTEASY-1261,22
RESTEASY-1261,80
RESTEASY-1261,81
RESTEASY-1261,73
RESTEASY-1261,82
RESTEASY-1193,83
RESTEASY-1193,84
RESTEASY-1193,85
RESTEASY-1193,86
RESTEASY-1193,87
RESTEASY-1193,88
RESTEASY-1193,89
RESTEASY-1193,90
RESTEASY-1193,91
RESTEASY-1193,92
RESTEASY-1193,93
RESTEASY-1185,69
RESTEASY-1185,71
RESTEASY-1185,94
RESTEASY-1185,95
RESTEASY-1185,96
RESTEASY-1185,72
RESTEASY-1185,21
RESTEASY-1185,97
RESTEASY-1185,98
RESTEASY-1184,75
RESTEASY-1184,76
RESTEASY-1184,99
RESTEASY-1184,100
RESTEASY-1184,101
RESTEASY-1184,102
RESTEASY-1184,103
RESTEASY-1184,104
RESTEASY-1184,105
RESTEASY-1184,106
RESTEASY-1184,107
RESTEASY-1184,108
RESTEASY-1184,21
RESTEASY-1184,109
RESTEASY-1184,110
RESTEASY-1184,111
RESTEASY-1172,69
RESTEASY-1172,112
RESTEASY-1172,113
RESTEASY-1172,114
RESTEASY-1172,115
RESTEASY-1172,116
RESTEASY-1156,117
RESTEASY-1156,118
RESTEASY-1156,119
RESTEASY-1156,120
RESTEASY-1156,121
RESTEASY-1156,122
RESTEASY-1099,57
RESTEASY-1099,123
RESTEASY-1099,83
RESTEASY-1099,84
RESTEASY-1099,85
RESTEASY-1099,86
RESTEASY-1099,124
RESTEASY-1099,125
RESTEASY-1099,126
RESTEASY-1099,87
RESTEASY-1099,88
RESTEASY-1099,89
RESTEASY-1099,127
RESTEASY-1099,128
RESTEASY-1099,129
RESTEASY-1099,130
RESTEASY-1099,131
RESTEASY-1099,132
RESTEASY-1099,133
RESTEASY-1098,57
RESTEASY-1098,123
RESTEASY-1098,83
RESTEASY-1098,84
RESTEASY-1098,85
RESTEASY-1098,86
RESTEASY-1098,124
RESTEASY-1098,125
RESTEASY-1098,126
RESTEASY-1098,87
RESTEASY-1098,88
RESTEASY-1098,89
RESTEASY-1098,127
RESTEASY-1098,128
RESTEASY-1098,129
RESTEASY-1098,130
RESTEASY-1098,131
RESTEASY-1098,132
RESTEASY-1098,133
RESTEASY-1097,57
RESTEASY-1097,123
RESTEASY-1097,83
RESTEASY-1097,84
RESTEASY-1097,85
RESTEASY-1097,86
RESTEASY-1097,124
RESTEASY-1097,125
RESTEASY-1097,126
RESTEASY-1097,87
RESTEASY-1097,88
RESTEASY-1097,89
RESTEASY-1097,127
RESTEASY-1097,128
RESTEASY-1097,129
RESTEASY-1097,130
RESTEASY-1097,131
RESTEASY-1097,132
RESTEASY-1097,133
RESTEASY-1093,57
RESTEASY-1093,123
RESTEASY-1093,83
RESTEASY-1093,84
RESTEASY-1093,85
RESTEASY-1093,86
RESTEASY-1093,124
RESTEASY-1093,125
RESTEASY-1093,126
RESTEASY-1093,87
RESTEASY-1093,88
RESTEASY-1093,89
RESTEASY-1093,127
RESTEASY-1093,91
RESTEASY-1090,85
RESTEASY-1090,87
RESTEASY-1090,91
RESTEASY-1090,57
RESTEASY-1090,123
RESTEASY-1090,83
RESTEASY-1090,84
RESTEASY-1090,86
RESTEASY-1090,124
RESTEASY-1090,125
RESTEASY-1090,126
RESTEASY-1090,88
RESTEASY-1090,89
RESTEASY-1090,127
RESTEASY-1080,134
RESTEASY-1080,135
RESTEASY-1080,136
RESTEASY-1080,137
RESTEASY-1080,138
RESTEASY-1047,70
RESTEASY-1047,139
RESTEASY-1047,140
RESTEASY-1047,141
RESTEASY-1047,142
RESTEASY-1047,143
RESTEASY-1047,144
RESTEASY-1047,145
RESTEASY-1047,146
RESTEASY-1047,103
RESTEASY-1020,147
RESTEASY-1020,148
RESTEASY-1020,149
RESTEASY-1020,150
RESTEASY-1020,151
RESTEASY-999,152
RESTEASY-999,153
RESTEASY-999,154
RESTEASY-999,155
RESTEASY-999,156
RESTEASY-999,157
RESTEASY-999,158
RESTEASY-999,159
RESTEASY-982,160
RESTEASY-982,161
RESTEASY-982,21
RESTEASY-982,162
RESTEASY-982,163
RESTEASY-982,114
RESTEASY-982,115
RESTEASY-982,116
RESTEASY-980,57
RESTEASY-980,164
RESTEASY-980,165
RESTEASY-980,166
RESTEASY-980,167
RESTEASY-980,168
RESTEASY-980,169
RESTEASY-980,170
RESTEASY-980,171
RESTEASY-980,172
RESTEASY-980,173
RESTEASY-980,174
RESTEASY-980,175
RESTEASY-980,176
RESTEASY-980,177
RESTEASY-980,178
RESTEASY-980,179
RESTEASY-820,180
RESTEASY-820,181
RESTEASY-820,182
RESTEASY-820,183
RESTEASY-820,184
RESTEASY-820,185
RESTEASY-820,186
RESTEASY-820,187
RESTEASY-820,188
RESTEASY-820,189
RESTEASY-820,190
RESTEASY-820,191
RESTEASY-820,192
RESTEASY-820,33
RESTEASY-820,193
RESTEASY-820,194
RESTEASY-820,195
RESTEASY-820,196
RESTEASY-774,197
RESTEASY-701,198
RESTEASY-701,199
RESTEASY-701,200
RESTEASY-701,201
RESTEASY-701,202
RESTEASY-701,203
RESTEASY-701,204
RESTEASY-701,205
RESTEASY-701,206
RESTEASY-701,207
RESTEASY-701,208
RESTEASY-701,209
RESTEASY-701,210
RESTEASY-701,211
RESTEASY-701,212
RESTEASY-701,213
RESTEASY-2996,435
RESTEASY-2996,436
RESTEASY-2996,437
RESTEASY-2996,438
RESTEASY-2982,439
RESTEASY-2982,440
RESTEASY-2982,441
RESTEASY-2982,243
RESTEASY-2982,442
RESTEASY-2982,443
RESTEASY-2982,225
RESTEASY-2982,392
RESTEASY-2982,393
RESTEASY-2982,444
RESTEASY-2982,445
RESTEASY-2982,446
RESTEASY-2982,447
RESTEASY-2982,448
RESTEASY-2982,449
RESTEASY-2982,450
RESTEASY-2982,451
RESTEASY-2982,452
RESTEASY-2982,453
RESTEASY-2968,393
RESTEASY-2953,454
RESTEASY-2953,455
RESTEASY-2953,456
RESTEASY-2953,457
RESTEASY-2953,458
RESTEASY-2953,459
RESTEASY-2953,460
RESTEASY-2953,461
RESTEASY-2953,444
RESTEASY-2953,462
RESTEASY-2953,463
RESTEASY-2953,464
RESTEASY-2953,358
RESTEASY-2925,465
RESTEASY-2925,466
RESTEASY-2925,467
RESTEASY-2925,468
RESTEASY-2925,469
RESTEASY-2925,470
RESTEASY-2925,471
RESTEASY-2925,472
RESTEASY-2925,473
RESTEASY-2925,57
RESTEASY-2925,474
RESTEASY-2925,475
RESTEASY-2925,476
RESTEASY-2925,114
RESTEASY-2925,115
RESTEASY-2925,116
RESTEASY-2915,477
RESTEASY-2915,478
RESTEASY-2915,479
RESTEASY-2915,480
RESTEASY-2914,481
RESTEASY-2914,351
RESTEASY-2914,482
RESTEASY-2914,51
RESTEASY-2914,483
RESTEASY-2914,10
RESTEASY-2914,484
RESTEASY-2914,485
RESTEASY-2914,486
RESTEASY-2914,487
RESTEASY-2914,488
RESTEASY-2914,489
RESTEASY-2914,490
RESTEASY-2914,491
RESTEASY-2914,492
RESTEASY-2914,27
RESTEASY-2914,361
RESTEASY-2913,493
RESTEASY-2913,494
RESTEASY-2913,495
RESTEASY-2912,225
RESTEASY-2912,496
RESTEASY-2912,497
RESTEASY-2912,498
RESTEASY-2912,499
RESTEASY-2912,500
RESTEASY-2912,501
RESTEASY-2910,390
RESTEASY-2910,393
RESTEASY-2910,358
RESTEASY-2910,502
RESTEASY-2910,503
RESTEASY-2910,284
RESTEASY-2910,225
RESTEASY-2910,504
RESTEASY-2910,505
RESTEASY-2910,506
RESTEASY-2910,507
RESTEASY-2910,508
RESTEASY-2910,509
RESTEASY-2910,510
RESTEASY-2910,459
RESTEASY-2910,511
RESTEASY-2910,512
RESTEASY-2905,390
RESTEASY-2905,393
RESTEASY-2905,358
RESTEASY-2905,502
RESTEASY-2905,503
RESTEASY-2905,284
RESTEASY-2905,225
RESTEASY-2905,504
RESTEASY-2905,505
RESTEASY-2905,506
RESTEASY-2905,507
RESTEASY-2905,508
RESTEASY-2905,509
RESTEASY-2905,510
RESTEASY-2905,459
RESTEASY-2905,511
RESTEASY-2905,512
RESTEASY-2874,301
RESTEASY-2874,302
RESTEASY-2874,303
RESTEASY-2874,304
RESTEASY-2874,305
RESTEASY-2874,306
RESTEASY-2874,307
RESTEASY-2874,308
RESTEASY-2874,309
RESTEASY-2874,310
RESTEASY-2874,259
RESTEASY-2874,311
RESTEASY-2874,312
RESTEASY-2874,313
RESTEASY-2874,314
RESTEASY-2874,315
RESTEASY-2874,316
RESTEASY-2874,317
RESTEASY-2874,219
RESTEASY-2874,225
RESTEASY-2874,318
RESTEASY-2874,319
RESTEASY-2874,272
RESTEASY-2874,320
RESTEASY-2874,321
RESTEASY-2874,322
RESTEASY-2874,323
RESTEASY-2874,274
RESTEASY-2874,275
RESTEASY-2874,324
RESTEASY-2874,325
RESTEASY-2874,326
RESTEASY-2874,327
RESTEASY-2874,72
RESTEASY-2874,328
RESTEASY-2874,329
RESTEASY-2874,330
RESTEASY-2874,331
RESTEASY-2874,332
RESTEASY-2874,333
RESTEASY-2874,334
RESTEASY-2874,335
RESTEASY-2874,336
RESTEASY-2874,258
RESTEASY-2874,260
RESTEASY-2874,261
RESTEASY-2874,262
RESTEASY-2874,263
RESTEASY-2874,264
RESTEASY-2874,337
RESTEASY-2874,338
RESTEASY-2874,339
RESTEASY-2874,340
RESTEASY-2874,341
RESTEASY-2874,342
RESTEASY-2874,343
RESTEASY-2874,344
RESTEASY-2872,69
RESTEASY-2872,258
RESTEASY-2872,259
RESTEASY-2872,261
RESTEASY-2872,237
RESTEASY-2872,70
RESTEASY-2872,513
RESTEASY-2872,514
RESTEASY-2872,139
RESTEASY-2872,140
RESTEASY-2872,515
RESTEASY-2872,141
RESTEASY-2872,108
RESTEASY-2872,516
RESTEASY-2872,21
RESTEASY-2851,517
RESTEASY-2851,245
RESTEASY-2850,517
RESTEASY-2850,518
RESTEASY-2850,519
RESTEASY-2831,227
RESTEASY-2831,228
RESTEASY-2831,229
RESTEASY-2831,230
RESTEASY-2831,231
RESTEASY-2831,232
RESTEASY-2831,233
RESTEASY-2831,234
RESTEASY-2831,235
RESTEASY-2831,236
RESTEASY-2831,237
RESTEASY-2831,238
RESTEASY-2831,239
RESTEASY-2831,240
RESTEASY-2831,241
RESTEASY-2831,242
RESTEASY-2831,81
RESTEASY-2831,243
RESTEASY-2831,244
RESTEASY-2831,245
RESTEASY-2831,246
RESTEASY-2831,247
RESTEASY-2831,248
RESTEASY-2831,249
RESTEASY-2831,250
RESTEASY-2831,251
RESTEASY-2831,252
RESTEASY-2831,253
RESTEASY-2831,254
RESTEASY-2831,255
RESTEASY-2831,256
RESTEASY-2831,257
RESTEASY-2831,258
RESTEASY-2831,259
RESTEASY-2831,260
RESTEASY-2831,261
RESTEASY-2831,262
RESTEASY-2831,263
RESTEASY-2831,264
RESTEASY-2831,265
RESTEASY-2831,266
RESTEASY-2831,267
RESTEASY-2831,268
RESTEASY-2831,269
RESTEASY-2831,270
RESTEASY-2831,271
RESTEASY-2831,272
RESTEASY-2831,273
RESTEASY-2831,274
RESTEASY-2831,275
RESTEASY-2831,276
RESTEASY-2831,277
RESTEASY-2831,278
RESTEASY-2831,72
RESTEASY-2831,279
RESTEASY-2831,280
RESTEASY-2831,281
RESTEASY-2831,282
RESTEASY-2831,283
RESTEASY-2831,284
RESTEASY-2831,285
RESTEASY-2831,286
RESTEASY-2831,287
RESTEASY-2831,288
RESTEASY-2831,225
